"TIME","GEO","INDIC_IL","UNIT","ISCED11","SEX","AGE","Value","Flag and Footnotes"
"2009","European Union (EU6-1958, EU9-1973, EU10-1981, EU12-1986, EU15-1995, EU25-2004, EU27-2007, EU28-2013)","Median equivalised net income","Euro","Less than primary, primary and lower secondary education (levels 0-2)","Total","From 18 to 64 years","13,063","e"
"2009","European Union - 28 countries","Median equivalised net income","Euro","Less than primary, primary and lower secondary education (levels 0-2)","Total","From 18 to 64 years",":",""
"2009","European Union - 27 countries (2007-2013)","Median equivalised net income","Euro","Less than primary, primary and lower secondary education (levels 0-2)","Total","From 18 to 64 years","13,063",""
"2009","Euro area (EA11-2000, EA12-2006, EA13-2007, EA15-2008, EA16-2010, EA17-2013, EA18-2014, EA19)","Median equivalised net income","Euro","Less than primary, primary and lower secondary education (levels 0-2)","Total","From 18 to 64 years","14,502","e"
"2009","Euro area (19 countries)","Median equivalised net income","Euro","Less than primary, primary and lower secondary education (levels 0-2)","Total","From 18 to 64 years","14,391",""
"2009","Euro area (18 countries)","Median equivalised net income","Euro","Less than primary, primary and lower secondary education (levels 0-2)","Total","From 18 to 64 years","14,442",""
"2009","Belgium","Median equivalised net income","Euro","Less than primary, primary and lower secondary education (levels 0-2)","Total","From 18 to 64 years","16,675",""
"2009","Bulgaria","Median equivalised net income","Euro","Less than primary, primary and lower secondary education (levels 0-2)","Total","From 18 to 64 years","2,072",""
"2009","Czechia","Median equivalised net income","Euro","Less than primary, primary and lower secondary education (levels 0-2)","Total","From 18 to 64 years","6,201",""
"2009","Denmark","Median equivalised net income","Euro","Less than primary, primary and lower secondary education (levels 0-2)","Total","From 18 to 64 years","23,266",""
"2009","Germany (until 1990 former territory of the FRG)","Median equivalised net income","Euro","Less than primary, primary and lower secondary education (levels 0-2)","Total","From 18 to 64 years","15,745",""
"2009","Estonia","Median equivalised net income","Euro","Less than primary, primary and lower secondary education (levels 0-2)","Total","From 18 to 64 years","5,290",""
"2009","Ireland","Median equivalised net income","Euro","Less than primary, primary and lower secondary education (levels 0-2)","Total","From 18 to 64 years","18,680",""
"2009","Greece","Median equivalised net income","Euro","Less than primary, primary and lower secondary education (levels 0-2)","Total","From 18 to 64 years","9,706",""
"2009","Spain","Median equivalised net income","Euro","Less than primary, primary and lower secondary education (levels 0-2)","Total","From 18 to 64 years","13,356",""
"2009","France","Median equivalised net income","Euro","Less than primary, primary and lower secondary education (levels 0-2)","Total","From 18 to 64 years","17,522",""
"2009","Croatia","Median equivalised net income","Euro","Less than primary, primary and lower secondary education (levels 0-2)","Total","From 18 to 64 years",":",""
"2009","Italy","Median equivalised net income","Euro","Less than primary, primary and lower secondary education (levels 0-2)","Total","From 18 to 64 years","14,029",""
"2009","Cyprus","Median equivalised net income","Euro","Less than primary, primary and lower secondary education (levels 0-2)","Total","From 18 to 64 years","14,732",""
"2009","Latvia","Median equivalised net income","Euro","Less than primary, primary and lower secondary education (levels 0-2)","Total","From 18 to 64 years","4,219",""
"2009","Lithuania","Median equivalised net income","Euro","Less than primary, primary and lower secondary education (levels 0-2)","Total","From 18 to 64 years","3,502",""
"2009","Luxembourg","Median equivalised net income","Euro","Less than primary, primary and lower secondary education (levels 0-2)","Total","From 18 to 64 years","25,567",""
"2009","Hungary","Median equivalised net income","Euro","Less than primary, primary and lower secondary education (levels 0-2)","Total","From 18 to 64 years","3,820",""
"2009","Malta","Median equivalised net income","Euro","Less than primary, primary and lower secondary education (levels 0-2)","Total","From 18 to 64 years","10,118",""
"2009","Netherlands","Median equivalised net income","Euro","Less than primary, primary and lower secondary education (levels 0-2)","Total","From 18 to 64 years","18,259",""
"2009","Austria","Median equivalised net income","Euro","Less than primary, primary and lower secondary education (levels 0-2)","Total","From 18 to 64 years","17,808",""
"2009","Poland","Median equivalised net income","Euro","Less than primary, primary and lower secondary education (levels 0-2)","Total","From 18 to 64 years","3,938",""
"2009","Portugal","Median equivalised net income","Euro","Less than primary, primary and lower secondary education (levels 0-2)","Total","From 18 to 64 years","7,930",""
"2009","Romania","Median equivalised net income","Euro","Less than primary, primary and lower secondary education (levels 0-2)","Total","From 18 to 64 years","1,575",""
"2009","Slovenia","Median equivalised net income","Euro","Less than primary, primary and lower secondary education (levels 0-2)","Total","From 18 to 64 years","10,372",""
"2009","Slovakia","Median equivalised net income","Euro","Less than primary, primary and lower secondary education (levels 0-2)","Total","From 18 to 64 years","4,645",""
"2009","Finland","Median equivalised net income","Euro","Less than primary, primary and lower secondary education (levels 0-2)","Total","From 18 to 64 years","19,693",""
"2009","Sweden","Median equivalised net income","Euro","Less than primary, primary and lower secondary education (levels 0-2)","Total","From 18 to 64 years","19,619",""
"2009","United Kingdom","Median equivalised net income","Euro","Less than primary, primary and lower secondary education (levels 0-2)","Total","From 18 to 64 years","13,411",""
"2009","Iceland","Median equivalised net income","Euro","Less than primary, primary and lower secondary education (levels 0-2)","Total","From 18 to 64 years","21,504",""
"2009","Norway","Median equivalised net income","Euro","Less than primary, primary and lower secondary education (levels 0-2)","Total","From 18 to 64 years","31,328",""
"2009","Switzerland","Median equivalised net income","Euro","Less than primary, primary and lower secondary education (levels 0-2)","Total","From 18 to 64 years","24,688",""
"2009","North Macedonia","Median equivalised net income","Euro","Less than primary, primary and lower secondary education (levels 0-2)","Total","From 18 to 64 years",":",""
"2009","Serbia","Median equivalised net income","Euro","Less than primary, primary and lower secondary education (levels 0-2)","Total","From 18 to 64 years",":",""
"2009","Turkey","Median equivalised net income","Euro","Less than primary, primary and lower secondary education (levels 0-2)","Total","From 18 to 64 years","3,009",""
"2010","European Union (EU6-1958, EU9-1973, EU10-1981, EU12-1986, EU15-1995, EU25-2004, EU27-2007, EU28-2013)","Median equivalised net income","Euro","Less than primary, primary and lower secondary education (levels 0-2)","Total","From 18 to 64 years","12,938","e"
"2010","European Union - 28 countries","Median equivalised net income","Euro","Less than primary, primary and lower secondary education (levels 0-2)","Total","From 18 to 64 years","12,938",""
"2010","European Union - 27 countries (2007-2013)","Median equivalised net income","Euro","Less than primary, primary and lower secondary education (levels 0-2)","Total","From 18 to 64 years","12,995",""
"2010","Euro area (EA11-2000, EA12-2006, EA13-2007, EA15-2008, EA16-2010, EA17-2013, EA18-2014, EA19)","Median equivalised net income","Euro","Less than primary, primary and lower secondary education (levels 0-2)","Total","From 18 to 64 years","14,404","e"
"2010","Euro area (19 countries)","Median equivalised net income","Euro","Less than primary, primary and lower secondary education (levels 0-2)","Total","From 18 to 64 years","14,289",""
"2010","Euro area (18 countries)","Median equivalised net income","Euro","Less than primary, primary and lower secondary education (levels 0-2)","Total","From 18 to 64 years","14,341",""
"2010","Belgium","Median equivalised net income","Euro","Less than primary, primary and lower secondary education (levels 0-2)","Total","From 18 to 64 years","16,310",""
"2010","Bulgaria","Median equivalised net income","Euro","Less than primary, primary and lower secondary education (levels 0-2)","Total","From 18 to 64 years","2,034",""
"2010","Czechia","Median equivalised net income","Euro","Less than primary, primary and lower secondary education (levels 0-2)","Total","From 18 to 64 years","6,040",""
"2010","Denmark","Median equivalised net income","Euro","Less than primary, primary and lower secondary education (levels 0-2)","Total","From 18 to 64 years","24,290",""
"2010","Germany (until 1990 former territory of the FRG)","Median equivalised net income","Euro","Less than primary, primary and lower secondary education (levels 0-2)","Total","From 18 to 64 years","15,298",""
"2010","Estonia","Median equivalised net income","Euro","Less than primary, primary and lower secondary education (levels 0-2)","Total","From 18 to 64 years","4,834",""
"2010","Ireland","Median equivalised net income","Euro","Less than primary, primary and lower secondary education (levels 0-2)","Total","From 18 to 64 years","17,796",""
"2010","Greece","Median equivalised net income","Euro","Less than primary, primary and lower secondary education (levels 0-2)","Total","From 18 to 64 years","9,923",""
"2010","Spain","Median equivalised net income","Euro","Less than primary, primary and lower secondary education (levels 0-2)","Total","From 18 to 64 years","12,937",""
"2010","France","Median equivalised net income","Euro","Less than primary, primary and lower secondary education (levels 0-2)","Total","From 18 to 64 years","17,486",""
"2010","Croatia","Median equivalised net income","Euro","Less than primary, primary and lower secondary education (levels 0-2)","Total","From 18 to 64 years","4,439",""
"2010","Italy","Median equivalised net income","Euro","Less than primary, primary and lower secondary education (levels 0-2)","Total","From 18 to 64 years","14,302",""
"2010","Cyprus","Median equivalised net income","Euro","Less than primary, primary and lower secondary education (levels 0-2)","Total","From 18 to 64 years","14,567",""
"2010","Latvia","Median equivalised net income","Euro","Less than primary, primary and lower secondary education (levels 0-2)","Total","From 18 to 64 years","3,362",""
"2010","Lithuania","Median equivalised net income","Euro","Less than primary, primary and lower secondary education (levels 0-2)","Total","From 18 to 64 years","2,969",""
"2010","Luxembourg","Median equivalised net income","Euro","Less than primary, primary and lower secondary education (levels 0-2)","Total","From 18 to 64 years","26,036",""
"2010","Hungary","Median equivalised net income","Euro","Less than primary, primary and lower secondary education (levels 0-2)","Total","From 18 to 64 years","3,346",""
"2010","Malta","Median equivalised net income","Euro","Less than primary, primary and lower secondary education (levels 0-2)","Total","From 18 to 64 years","9,986",""
"2010","Netherlands","Median equivalised net income","Euro","Less than primary, primary and lower secondary education (levels 0-2)","Total","From 18 to 64 years","18,270",""
"2010","Austria","Median equivalised net income","Euro","Less than primary, primary and lower secondary education (levels 0-2)","Total","From 18 to 64 years","18,111",""
"2010","Poland","Median equivalised net income","Euro","Less than primary, primary and lower secondary education (levels 0-2)","Total","From 18 to 64 years","3,296",""
"2010","Portugal","Median equivalised net income","Euro","Less than primary, primary and lower secondary education (levels 0-2)","Total","From 18 to 64 years","8,158",""
"2010","Romania","Median equivalised net income","Euro","Less than primary, primary and lower secondary education (levels 0-2)","Total","From 18 to 64 years","1,456",""
"2010","Slovenia","Median equivalised net income","Euro","Less than primary, primary and lower secondary education (levels 0-2)","Total","From 18 to 64 years","9,776",""
"2010","Slovakia","Median equivalised net income","Euro","Less than primary, primary and lower secondary education (levels 0-2)","Total","From 18 to 64 years","4,960",""
"2010","Finland","Median equivalised net income","Euro","Less than primary, primary and lower secondary education (levels 0-2)","Total","From 18 to 64 years","19,719",""
"2010","Sweden","Median equivalised net income","Euro","Less than primary, primary and lower secondary education (levels 0-2)","Total","From 18 to 64 years","18,355",""
"2010","United Kingdom","Median equivalised net income","Euro","Less than primary, primary and lower secondary education (levels 0-2)","Total","From 18 to 64 years","13,718",""
"2010","Iceland","Median equivalised net income","Euro","Less than primary, primary and lower secondary education (levels 0-2)","Total","From 18 to 64 years","17,578",""
"2010","Norway","Median equivalised net income","Euro","Less than primary, primary and lower secondary education (levels 0-2)","Total","From 18 to 64 years","29,783",""
"2010","Switzerland","Median equivalised net income","Euro","Less than primary, primary and lower secondary education (levels 0-2)","Total","From 18 to 64 years","26,354",""
"2010","North Macedonia","Median equivalised net income","Euro","Less than primary, primary and lower secondary education (levels 0-2)","Total","From 18 to 64 years",":",""
"2010","Serbia","Median equivalised net income","Euro","Less than primary, primary and lower secondary education (levels 0-2)","Total","From 18 to 64 years",":",""
"2010","Turkey","Median equivalised net income","Euro","Less than primary, primary and lower secondary education (levels 0-2)","Total","From 18 to 64 years","2,736",""
"2011","European Union (EU6-1958, EU9-1973, EU10-1981, EU12-1986, EU15-1995, EU25-2004, EU27-2007, EU28-2013)","Median equivalised net income","Euro","Less than primary, primary and lower secondary education (levels 0-2)","Total","From 18 to 64 years","12,733","e"
"2011","European Union - 28 countries","Median equivalised net income","Euro","Less than primary, primary and lower secondary education (levels 0-2)","Total","From 18 to 64 years","12,733",""
"2011","European Union - 27 countries (2007-2013)","Median equivalised net income","Euro","Less than primary, primary and lower secondary education (levels 0-2)","Total","From 18 to 64 years","12,792",""
"2011","Euro area (EA11-2000, EA12-2006, EA13-2007, EA15-2008, EA16-2010, EA17-2013, EA18-2014, EA19)","Median equivalised net income","Euro","Less than primary, primary and lower secondary education (levels 0-2)","Total","From 18 to 64 years","14,026","e"
"2011","Euro area (19 countries)","Median equivalised net income","Euro","Less than primary, primary and lower secondary education (levels 0-2)","Total","From 18 to 64 years","13,932",""
"2011","Euro area (18 countries)","Median equivalised net income","Euro","Less than primary, primary and lower secondary education (levels 0-2)","Total","From 18 to 64 years","13,981",""
"2011","Belgium","Median equivalised net income","Euro","Less than primary, primary and lower secondary education (levels 0-2)","Total","From 18 to 64 years","16,215",""
"2011","Bulgaria","Median equivalised net income","Euro","Less than primary, primary and lower secondary education (levels 0-2)","Total","From 18 to 64 years","1,824",""
"2011","Czechia","Median equivalised net income","Euro","Less than primary, primary and lower secondary education (levels 0-2)","Total","From 18 to 64 years","6,309",""
"2011","Denmark","Median equivalised net income","Euro","Less than primary, primary and lower secondary education (levels 0-2)","Total","From 18 to 64 years","25,902","b"
"2011","Germany (until 1990 former territory of the FRG)","Median equivalised net income","Euro","Less than primary, primary and lower secondary education (levels 0-2)","Total","From 18 to 64 years","15,437",""
"2011","Estonia","Median equivalised net income","Euro","Less than primary, primary and lower secondary education (levels 0-2)","Total","From 18 to 64 years","4,569",""
"2011","Ireland","Median equivalised net income","Euro","Less than primary, primary and lower secondary education (levels 0-2)","Total","From 18 to 64 years","16,813",""
"2011","Greece","Median equivalised net income","Euro","Less than primary, primary and lower secondary education (levels 0-2)","Total","From 18 to 64 years","8,888",""
"2011","Spain","Median equivalised net income","Euro","Less than primary, primary and lower secondary education (levels 0-2)","Total","From 18 to 64 years","12,107",""
"2011","France","Median equivalised net income","Euro","Less than primary, primary and lower secondary education (levels 0-2)","Total","From 18 to 64 years","17,429","b"
"2011","Croatia","Median equivalised net income","Euro","Less than primary, primary and lower secondary education (levels 0-2)","Total","From 18 to 64 years","4,148",""
"2011","Italy","Median equivalised net income","Euro","Less than primary, primary and lower secondary education (levels 0-2)","Total","From 18 to 64 years","14,008",""
"2011","Cyprus","Median equivalised net income","Euro","Less than primary, primary and lower secondary education (levels 0-2)","Total","From 18 to 64 years","14,515",""
"2011","Latvia","Median equivalised net income","Euro","Less than primary, primary and lower secondary education (levels 0-2)","Total","From 18 to 64 years","3,196",""
"2011","Lithuania","Median equivalised net income","Euro","Less than primary, primary and lower secondary education (levels 0-2)","Total","From 18 to 64 years","2,781",""
"2011","Luxembourg","Median equivalised net income","Euro","Less than primary, primary and lower secondary education (levels 0-2)","Total","From 18 to 64 years","26,171",""
"2011","Hungary","Median equivalised net income","Euro","Less than primary, primary and lower secondary education (levels 0-2)","Total","From 18 to 64 years","3,299",""
"2011","Malta","Median equivalised net income","Euro","Less than primary, primary and lower secondary education (levels 0-2)","Total","From 18 to 64 years","10,303",""
"2011","Netherlands","Median equivalised net income","Euro","Less than primary, primary and lower secondary education (levels 0-2)","Total","From 18 to 64 years","18,691",""
"2011","Austria","Median equivalised net income","Euro","Less than primary, primary and lower secondary education (levels 0-2)","Total","From 18 to 64 years","18,191",""
"2011","Poland","Median equivalised net income","Euro","Less than primary, primary and lower secondary education (levels 0-2)","Total","From 18 to 64 years","3,789",""
"2011","Portugal","Median equivalised net income","Euro","Less than primary, primary and lower secondary education (levels 0-2)","Total","From 18 to 64 years","7,868",""
"2011","Romania","Median equivalised net income","Euro","Less than primary, primary and lower secondary education (levels 0-2)","Total","From 18 to 64 years","1,385",""
"2011","Slovenia","Median equivalised net income","Euro","Less than primary, primary and lower secondary education (levels 0-2)","Total","From 18 to 64 years","10,178",""
"2011","Slovakia","Median equivalised net income","Euro","Less than primary, primary and lower secondary education (levels 0-2)","Total","From 18 to 64 years","5,248",""
"2011","Finland","Median equivalised net income","Euro","Less than primary, primary and lower secondary education (levels 0-2)","Total","From 18 to 64 years","20,013",""
"2011","Sweden","Median equivalised net income","Euro","Less than primary, primary and lower secondary education (levels 0-2)","Total","From 18 to 64 years","20,015",""
"2011","United Kingdom","Median equivalised net income","Euro","Less than primary, primary and lower secondary education (levels 0-2)","Total","From 18 to 64 years","14,071",""
"2011","Iceland","Median equivalised net income","Euro","Less than primary, primary and lower secondary education (levels 0-2)","Total","From 18 to 64 years","18,501",""
"2011","Norway","Median equivalised net income","Euro","Less than primary, primary and lower secondary education (levels 0-2)","Total","From 18 to 64 years","33,234",""
"2011","Switzerland","Median equivalised net income","Euro","Less than primary, primary and lower secondary education (levels 0-2)","Total","From 18 to 64 years","29,251",""
"2011","North Macedonia","Median equivalised net income","Euro","Less than primary, primary and lower secondary education (levels 0-2)","Total","From 18 to 64 years",":",""
"2011","Serbia","Median equivalised net income","Euro","Less than primary, primary and lower secondary education (levels 0-2)","Total","From 18 to 64 years",":",""
"2011","Turkey","Median equivalised net income","Euro","Less than primary, primary and lower secondary education (levels 0-2)","Total","From 18 to 64 years","3,306",""
"2012","European Union (EU6-1958, EU9-1973, EU10-1981, EU12-1986, EU15-1995, EU25-2004, EU27-2007, EU28-2013)","Median equivalised net income","Euro","Less than primary, primary and lower secondary education (levels 0-2)","Total","From 18 to 64 years","12,794","e"
"2012","European Union - 28 countries","Median equivalised net income","Euro","Less than primary, primary and lower secondary education (levels 0-2)","Total","From 18 to 64 years","12,794",""
"2012","European Union - 27 countries (2007-2013)","Median equivalised net income","Euro","Less than primary, primary and lower secondary education (levels 0-2)","Total","From 18 to 64 years","12,853",""
"2012","Euro area (EA11-2000, EA12-2006, EA13-2007, EA15-2008, EA16-2010, EA17-2013, EA18-2014, EA19)","Median equivalised net income","Euro","Less than primary, primary and lower secondary education (levels 0-2)","Total","From 18 to 64 years","13,988","e"
"2012","Euro area (19 countries)","Median equivalised net income","Euro","Less than primary, primary and lower secondary education (levels 0-2)","Total","From 18 to 64 years","13,902",""
"2012","Euro area (18 countries)","Median equivalised net income","Euro","Less than primary, primary and lower secondary education (levels 0-2)","Total","From 18 to 64 years","13,947",""
"2012","Belgium","Median equivalised net income","Euro","Less than primary, primary and lower secondary education (levels 0-2)","Total","From 18 to 64 years","16,015",""
"2012","Bulgaria","Median equivalised net income","Euro","Less than primary, primary and lower secondary education (levels 0-2)","Total","From 18 to 64 years","1,859",""
"2012","Czechia","Median equivalised net income","Euro","Less than primary, primary and lower secondary education (levels 0-2)","Total","From 18 to 64 years","6,759",""
"2012","Denmark","Median equivalised net income","Euro","Less than primary, primary and lower secondary education (levels 0-2)","Total","From 18 to 64 years","25,171",""
"2012","Germany (until 1990 former territory of the FRG)","Median equivalised net income","Euro","Less than primary, primary and lower secondary education (levels 0-2)","Total","From 18 to 64 years","15,944",""
"2012","Estonia","Median equivalised net income","Euro","Less than primary, primary and lower secondary education (levels 0-2)","Total","From 18 to 64 years","4,820",""
"2012","Ireland","Median equivalised net income","Euro","Less than primary, primary and lower secondary education (levels 0-2)","Total","From 18 to 64 years","16,392",""
"2012","Greece","Median equivalised net income","Euro","Less than primary, primary and lower secondary education (levels 0-2)","Total","From 18 to 64 years","7,100",""
"2012","Spain","Median equivalised net income","Euro","Less than primary, primary and lower secondary education (levels 0-2)","Total","From 18 to 64 years","11,612",""
"2012","France","Median equivalised net income","Euro","Less than primary, primary and lower secondary education (levels 0-2)","Total","From 18 to 64 years","18,158",""
"2012","Croatia","Median equivalised net income","Euro","Less than primary, primary and lower secondary education (levels 0-2)","Total","From 18 to 64 years","4,076",""
"2012","Italy","Median equivalised net income","Euro","Less than primary, primary and lower secondary education (levels 0-2)","Total","From 18 to 64 years","13,955",""
"2012","Cyprus","Median equivalised net income","Euro","Less than primary, primary and lower secondary education (levels 0-2)","Total","From 18 to 64 years","14,457",""
"2012","Latvia","Median equivalised net income","Euro","Less than primary, primary and lower secondary education (levels 0-2)","Total","From 18 to 64 years","3,329",""
"2012","Lithuania","Median equivalised net income","Euro","Less than primary, primary and lower secondary education (levels 0-2)","Total","From 18 to 64 years","3,138",""
"2012","Luxembourg","Median equivalised net income","Euro","Less than primary, primary and lower secondary education (levels 0-2)","Total","From 18 to 64 years","26,041",""
"2012","Hungary","Median equivalised net income","Euro","Less than primary, primary and lower secondary education (levels 0-2)","Total","From 18 to 64 years","3,349",""
"2012","Malta","Median equivalised net income","Euro","Less than primary, primary and lower secondary education (levels 0-2)","Total","From 18 to 64 years","10,828",""
"2012","Netherlands","Median equivalised net income","Euro","Less than primary, primary and lower secondary education (levels 0-2)","Total","From 18 to 64 years","18,641",""
"2012","Austria","Median equivalised net income","Euro","Less than primary, primary and lower secondary education (levels 0-2)","Total","From 18 to 64 years","18,712",""
"2012","Poland","Median equivalised net income","Euro","Less than primary, primary and lower secondary education (levels 0-2)","Total","From 18 to 64 years","3,859",""
"2012","Portugal","Median equivalised net income","Euro","Less than primary, primary and lower secondary education (levels 0-2)","Total","From 18 to 64 years","7,725",""
"2012","Romania","Median equivalised net income","Euro","Less than primary, primary and lower secondary education (levels 0-2)","Total","From 18 to 64 years","1,362",""
"2012","Slovenia","Median equivalised net income","Euro","Less than primary, primary and lower secondary education (levels 0-2)","Total","From 18 to 64 years","10,137",""
"2012","Slovakia","Median equivalised net income","Euro","Less than primary, primary and lower secondary education (levels 0-2)","Total","From 18 to 64 years","5,412",""
"2012","Finland","Median equivalised net income","Euro","Less than primary, primary and lower secondary education (levels 0-2)","Total","From 18 to 64 years","20,925",""
"2012","Sweden","Median equivalised net income","Euro","Less than primary, primary and lower secondary education (levels 0-2)","Total","From 18 to 64 years","22,344",""
"2012","United Kingdom","Median equivalised net income","Euro","Less than primary, primary and lower secondary education (levels 0-2)","Total","From 18 to 64 years","15,745","b"
"2012","Iceland","Median equivalised net income","Euro","Less than primary, primary and lower secondary education (levels 0-2)","Total","From 18 to 64 years","19,213",""
"2012","Norway","Median equivalised net income","Euro","Less than primary, primary and lower secondary education (levels 0-2)","Total","From 18 to 64 years","35,256",""
"2012","Switzerland","Median equivalised net income","Euro","Less than primary, primary and lower secondary education (levels 0-2)","Total","From 18 to 64 years","32,403",""
"2012","North Macedonia","Median equivalised net income","Euro","Less than primary, primary and lower secondary education (levels 0-2)","Total","From 18 to 64 years","1,249",""
"2012","Serbia","Median equivalised net income","Euro","Less than primary, primary and lower secondary education (levels 0-2)","Total","From 18 to 64 years",":",""
"2012","Turkey","Median equivalised net income","Euro","Less than primary, primary and lower secondary education (levels 0-2)","Total","From 18 to 64 years","3,202",""
"2013","European Union (EU6-1958, EU9-1973, EU10-1981, EU12-1986, EU15-1995, EU25-2004, EU27-2007, EU28-2013)","Median equivalised net income","Euro","Less than primary, primary and lower secondary education (levels 0-2)","Total","From 18 to 64 years","12,383","e"
"2013","European Union - 28 countries","Median equivalised net income","Euro","Less than primary, primary and lower secondary education (levels 0-2)","Total","From 18 to 64 years","12,383",""
"2013","European Union - 27 countries (2007-2013)","Median equivalised net income","Euro","Less than primary, primary and lower secondary education (levels 0-2)","Total","From 18 to 64 years","12,443",""
"2013","Euro area (EA11-2000, EA12-2006, EA13-2007, EA15-2008, EA16-2010, EA17-2013, EA18-2014, EA19)","Median equivalised net income","Euro","Less than primary, primary and lower secondary education (levels 0-2)","Total","From 18 to 64 years","13,607","e"
"2013","Euro area (19 countries)","Median equivalised net income","Euro","Less than primary, primary and lower secondary education (levels 0-2)","Total","From 18 to 64 years","13,527",""
"2013","Euro area (18 countries)","Median equivalised net income","Euro","Less than primary, primary and lower secondary education (levels 0-2)","Total","From 18 to 64 years","13,568",""
"2013","Belgium","Median equivalised net income","Euro","Less than primary, primary and lower secondary education (levels 0-2)","Total","From 18 to 64 years","17,356",""
"2013","Bulgaria","Median equivalised net income","Euro","Less than primary, primary and lower secondary education (levels 0-2)","Total","From 18 to 64 years","1,838",""
"2013","Czechia","Median equivalised net income","Euro","Less than primary, primary and lower secondary education (levels 0-2)","Total","From 18 to 64 years","6,452",""
"2013","Denmark","Median equivalised net income","Euro","Less than primary, primary and lower secondary education (levels 0-2)","Total","From 18 to 64 years","25,148",""
"2013","Germany (until 1990 former territory of the FRG)","Median equivalised net income","Euro","Less than primary, primary and lower secondary education (levels 0-2)","Total","From 18 to 64 years","15,798",""
"2013","Estonia","Median equivalised net income","Euro","Less than primary, primary and lower secondary education (levels 0-2)","Total","From 18 to 64 years","5,582",""
"2013","Ireland","Median equivalised net income","Euro","Less than primary, primary and lower secondary education (levels 0-2)","Total","From 18 to 64 years","15,738",""
"2013","Greece","Median equivalised net income","Euro","Less than primary, primary and lower secondary education (levels 0-2)","Total","From 18 to 64 years","6,077",""
"2013","Spain","Median equivalised net income","Euro","Less than primary, primary and lower secondary education (levels 0-2)","Total","From 18 to 64 years","11,123",""
"2013","France","Median equivalised net income","Euro","Less than primary, primary and lower secondary education (levels 0-2)","Total","From 18 to 64 years","17,499",""
"2013","Croatia","Median equivalised net income","Euro","Less than primary, primary and lower secondary education (levels 0-2)","Total","From 18 to 64 years","3,942",""
"2013","Italy","Median equivalised net income","Euro","Less than primary, primary and lower secondary education (levels 0-2)","Total","From 18 to 64 years","13,314",""
"2013","Cyprus","Median equivalised net income","Euro","Less than primary, primary and lower secondary education (levels 0-2)","Total","From 18 to 64 years","13,077",""
"2013","Latvia","Median equivalised net income","Euro","Less than primary, primary and lower secondary education (levels 0-2)","Total","From 18 to 64 years","3,646",""
"2013","Lithuania","Median equivalised net income","Euro","Less than primary, primary and lower secondary education (levels 0-2)","Total","From 18 to 64 years","3,235",""
"2013","Luxembourg","Median equivalised net income","Euro","Less than primary, primary and lower secondary education (levels 0-2)","Total","From 18 to 64 years","26,389",""
"2013","Hungary","Median equivalised net income","Euro","Less than primary, primary and lower secondary education (levels 0-2)","Total","From 18 to 64 years","3,077",""
"2013","Malta","Median equivalised net income","Euro","Less than primary, primary and lower secondary education (levels 0-2)","Total","From 18 to 64 years","11,057",""
"2013","Netherlands","Median equivalised net income","Euro","Less than primary, primary and lower secondary education (levels 0-2)","Total","From 18 to 64 years","19,124",""
"2013","Austria","Median equivalised net income","Euro","Less than primary, primary and lower secondary education (levels 0-2)","Total","From 18 to 64 years","19,282",""
"2013","Poland","Median equivalised net income","Euro","Less than primary, primary and lower secondary education (levels 0-2)","Total","From 18 to 64 years","3,853",""
"2013","Portugal","Median equivalised net income","Euro","Less than primary, primary and lower secondary education (levels 0-2)","Total","From 18 to 64 years","7,447",""
"2013","Romania","Median equivalised net income","Euro","Less than primary, primary and lower secondary education (levels 0-2)","Total","From 18 to 64 years","1,319",""
"2013","Slovenia","Median equivalised net income","Euro","Less than primary, primary and lower secondary education (levels 0-2)","Total","From 18 to 64 years","9,895",""
"2013","Slovakia","Median equivalised net income","Euro","Less than primary, primary and lower secondary education (levels 0-2)","Total","From 18 to 64 years","5,459",""
"2013","Finland","Median equivalised net income","Euro","Less than primary, primary and lower secondary education (levels 0-2)","Total","From 18 to 64 years","21,605",""
"2013","Sweden","Median equivalised net income","Euro","Less than primary, primary and lower secondary education (levels 0-2)","Total","From 18 to 64 years","23,108",""
"2013","United Kingdom","Median equivalised net income","Euro","Less than primary, primary and lower secondary education (levels 0-2)","Total","From 18 to 64 years","15,218",""
"2013","Iceland","Median equivalised net income","Euro","Less than primary, primary and lower secondary education (levels 0-2)","Total","From 18 to 64 years","20,798",""
"2013","Norway","Median equivalised net income","Euro","Less than primary, primary and lower secondary education (levels 0-2)","Total","From 18 to 64 years","38,292",""
"2013","Switzerland","Median equivalised net income","Euro","Less than primary, primary and lower secondary education (levels 0-2)","Total","From 18 to 64 years","34,213",""
"2013","North Macedonia","Median equivalised net income","Euro","Less than primary, primary and lower secondary education (levels 0-2)","Total","From 18 to 64 years","1,366",""
"2013","Serbia","Median equivalised net income","Euro","Less than primary, primary and lower secondary education (levels 0-2)","Total","From 18 to 64 years","1,701",""
"2013","Turkey","Median equivalised net income","Euro","Less than primary, primary and lower secondary education (levels 0-2)","Total","From 18 to 64 years","3,402",""
"2014","European Union (EU6-1958, EU9-1973, EU10-1981, EU12-1986, EU15-1995, EU25-2004, EU27-2007, EU28-2013)","Median equivalised net income","Euro","Less than primary, primary and lower secondary education (levels 0-2)","Total","From 18 to 64 years","12,956","e"
"2014","European Union - 28 countries","Median equivalised net income","Euro","Less than primary, primary and lower secondary education (levels 0-2)","Total","From 18 to 64 years","12,956",""
"2014","European Union - 27 countries (2007-2013)","Median equivalised net income","Euro","Less than primary, primary and lower secondary education (levels 0-2)","Total","From 18 to 64 years","13,016",""
"2014","Euro area (EA11-2000, EA12-2006, EA13-2007, EA15-2008, EA16-2010, EA17-2013, EA18-2014, EA19)","Median equivalised net income","Euro","Less than primary, primary and lower secondary education (levels 0-2)","Total","From 18 to 64 years","13,287","e"
"2014","Euro area (19 countries)","Median equivalised net income","Euro","Less than primary, primary and lower secondary education (levels 0-2)","Total","From 18 to 64 years","13,256",""
"2014","Euro area (18 countries)","Median equivalised net income","Euro","Less than primary, primary and lower secondary education (levels 0-2)","Total","From 18 to 64 years","13,287",""
"2014","Belgium","Median equivalised net income","Euro","Less than primary, primary and lower secondary education (levels 0-2)","Total","From 18 to 64 years","16,701",""
"2014","Bulgaria","Median equivalised net income","Euro","Less than primary, primary and lower secondary education (levels 0-2)","Total","From 18 to 64 years","1,969",""
"2014","Czechia","Median equivalised net income","Euro","Less than primary, primary and lower secondary education (levels 0-2)","Total","From 18 to 64 years","6,346",""
"2014","Denmark","Median equivalised net income","Euro","Less than primary, primary and lower secondary education (levels 0-2)","Total","From 18 to 64 years","26,733",""
"2014","Germany (until 1990 former territory of the FRG)","Median equivalised net income","Euro","Less than primary, primary and lower secondary education (levels 0-2)","Total","From 18 to 64 years","15,422",""
"2014","Estonia","Median equivalised net income","Euro","Less than primary, primary and lower secondary education (levels 0-2)","Total","From 18 to 64 years","5,942","b"
"2014","Ireland","Median equivalised net income","Euro","Less than primary, primary and lower secondary education (levels 0-2)","Total","From 18 to 64 years","16,363",""
"2014","Greece","Median equivalised net income","Euro","Less than primary, primary and lower secondary education (levels 0-2)","Total","From 18 to 64 years","5,744",""
"2014","Spain","Median equivalised net income","Euro","Less than primary, primary and lower secondary education (levels 0-2)","Total","From 18 to 64 years","10,389",""
"2014","France","Median equivalised net income","Euro","Less than primary, primary and lower secondary education (levels 0-2)","Total","From 18 to 64 years","17,887",""
"2014","Croatia","Median equivalised net income","Euro","Less than primary, primary and lower secondary education (levels 0-2)","Total","From 18 to 64 years","3,966",""
"2014","Italy","Median equivalised net income","Euro","Less than primary, primary and lower secondary education (levels 0-2)","Total","From 18 to 64 years","13,319",""
"2014","Cyprus","Median equivalised net income","Euro","Less than primary, primary and lower secondary education (levels 0-2)","Total","From 18 to 64 years","11,543",""
"2014","Latvia","Median equivalised net income","Euro","Less than primary, primary and lower secondary education (levels 0-2)","Total","From 18 to 64 years","3,993",""
"2014","Lithuania","Median equivalised net income","Euro","Less than primary, primary and lower secondary education (levels 0-2)","Total","From 18 to 64 years","3,627",""
"2014","Luxembourg","Median equivalised net income","Euro","Less than primary, primary and lower secondary education (levels 0-2)","Total","From 18 to 64 years","26,850",""
"2014","Hungary","Median equivalised net income","Euro","Less than primary, primary and lower secondary education (levels 0-2)","Total","From 18 to 64 years","3,071",""
"2014","Malta","Median equivalised net income","Euro","Less than primary, primary and lower secondary education (levels 0-2)","Total","From 18 to 64 years","11,684",""
"2014","Netherlands","Median equivalised net income","Euro","Less than primary, primary and lower secondary education (levels 0-2)","Total","From 18 to 64 years","18,376",""
"2014","Austria","Median equivalised net income","Euro","Less than primary, primary and lower secondary education (levels 0-2)","Total","From 18 to 64 years","19,085",""
"2014","Poland","Median equivalised net income","Euro","Less than primary, primary and lower secondary education (levels 0-2)","Total","From 18 to 64 years","3,871",""
"2014","Portugal","Median equivalised net income","Euro","Less than primary, primary and lower secondary education (levels 0-2)","Total","From 18 to 64 years","7,200",""
"2014","Romania","Median equivalised net income","Euro","Less than primary, primary and lower secondary education (levels 0-2)","Total","From 18 to 64 years","1,292",""
"2014","Slovenia","Median equivalised net income","Euro","Less than primary, primary and lower secondary education (levels 0-2)","Total","From 18 to 64 years","9,795",""
"2014","Slovakia","Median equivalised net income","Euro","Less than primary, primary and lower secondary education (levels 0-2)","Total","From 18 to 64 years","5,232",""
"2014","Finland","Median equivalised net income","Euro","Less than primary, primary and lower secondary education (levels 0-2)","Total","From 18 to 64 years","21,775",""
"2014","Sweden","Median equivalised net income","Euro","Less than primary, primary and lower secondary education (levels 0-2)","Total","From 18 to 64 years","23,230",""
"2014","United Kingdom","Median equivalised net income","Euro","Less than primary, primary and lower secondary education (levels 0-2)","Total","From 18 to 64 years","17,802",""
"2014","Iceland","Median equivalised net income","Euro","Less than primary, primary and lower secondary education (levels 0-2)","Total","From 18 to 64 years","22,360",""
"2014","Norway","Median equivalised net income","Euro","Less than primary, primary and lower secondary education (levels 0-2)","Total","From 18 to 64 years","39,447",""
"2014","Switzerland","Median equivalised net income","Euro","Less than primary, primary and lower secondary education (levels 0-2)","Total","From 18 to 64 years","31,629","b"
"2014","North Macedonia","Median equivalised net income","Euro","Less than primary, primary and lower secondary education (levels 0-2)","Total","From 18 to 64 years","1,495",""
"2014","Serbia","Median equivalised net income","Euro","Less than primary, primary and lower secondary education (levels 0-2)","Total","From 18 to 64 years","1,620",""
"2014","Turkey","Median equivalised net income","Euro","Less than primary, primary and lower secondary education (levels 0-2)","Total","From 18 to 64 years","3,221",""
"2015","European Union (EU6-1958, EU9-1973, EU10-1981, EU12-1986, EU15-1995, EU25-2004, EU27-2007, EU28-2013)","Median equivalised net income","Euro","Less than primary, primary and lower secondary education (levels 0-2)","Total","From 18 to 64 years","12,852","e"
"2015","European Union - 28 countries","Median equivalised net income","Euro","Less than primary, primary and lower secondary education (levels 0-2)","Total","From 18 to 64 years","12,852",""
"2015","European Union - 27 countries (2007-2013)","Median equivalised net income","Euro","Less than primary, primary and lower secondary education (levels 0-2)","Total","From 18 to 64 years","12,909",""
"2015","Euro area (EA11-2000, EA12-2006, EA13-2007, EA15-2008, EA16-2010, EA17-2013, EA18-2014, EA19)","Median equivalised net income","Euro","Less than primary, primary and lower secondary education (levels 0-2)","Total","From 18 to 64 years","13,330","e"
"2015","Euro area (19 countries)","Median equivalised net income","Euro","Less than primary, primary and lower secondary education (levels 0-2)","Total","From 18 to 64 years","13,330",""
"2015","Euro area (18 countries)","Median equivalised net income","Euro","Less than primary, primary and lower secondary education (levels 0-2)","Total","From 18 to 64 years","13,363",""
"2015","Belgium","Median equivalised net income","Euro","Less than primary, primary and lower secondary education (levels 0-2)","Total","From 18 to 64 years","16,767",""
"2015","Bulgaria","Median equivalised net income","Euro","Less than primary, primary and lower secondary education (levels 0-2)","Total","From 18 to 64 years","1,975",""
"2015","Czechia","Median equivalised net income","Euro","Less than primary, primary and lower secondary education (levels 0-2)","Total","From 18 to 64 years","6,181",""
"2015","Denmark","Median equivalised net income","Euro","Less than primary, primary and lower secondary education (levels 0-2)","Total","From 18 to 64 years","26,886",""
"2015","Germany (until 1990 former territory of the FRG)","Median equivalised net income","Euro","Less than primary, primary and lower secondary education (levels 0-2)","Total","From 18 to 64 years","15,707",""
"2015","Estonia","Median equivalised net income","Euro","Less than primary, primary and lower secondary education (levels 0-2)","Total","From 18 to 64 years","6,356",""
"2015","Ireland","Median equivalised net income","Euro","Less than primary, primary and lower secondary education (levels 0-2)","Total","From 18 to 64 years","17,181",""
"2015","Greece","Median equivalised net income","Euro","Less than primary, primary and lower secondary education (levels 0-2)","Total","From 18 to 64 years","5,812",""
"2015","Spain","Median equivalised net income","Euro","Less than primary, primary and lower secondary education (levels 0-2)","Total","From 18 to 64 years","10,431",""
"2015","France","Median equivalised net income","Euro","Less than primary, primary and lower secondary education (levels 0-2)","Total","From 18 to 64 years","17,764",""
"2015","Croatia","Median equivalised net income","Euro","Less than primary, primary and lower secondary education (levels 0-2)","Total","From 18 to 64 years","4,115",""
"2015","Italy","Median equivalised net income","Euro","Less than primary, primary and lower secondary education (levels 0-2)","Total","From 18 to 64 years","13,286",""
"2015","Cyprus","Median equivalised net income","Euro","Less than primary, primary and lower secondary education (levels 0-2)","Total","From 18 to 64 years","10,798",""
"2015","Latvia","Median equivalised net income","Euro","Less than primary, primary and lower secondary education (levels 0-2)","Total","From 18 to 64 years","4,424",""
"2015","Lithuania","Median equivalised net income","Euro","Less than primary, primary and lower secondary education (levels 0-2)","Total","From 18 to 64 years","3,520",""
"2015","Luxembourg","Median equivalised net income","Euro","Less than primary, primary and lower secondary education (levels 0-2)","Total","From 18 to 64 years","27,769",""
"2015","Hungary","Median equivalised net income","Euro","Less than primary, primary and lower secondary education (levels 0-2)","Total","From 18 to 64 years","3,228",""
"2015","Malta","Median equivalised net income","Euro","Less than primary, primary and lower secondary education (levels 0-2)","Total","From 18 to 64 years","12,130",""
"2015","Netherlands","Median equivalised net income","Euro","Less than primary, primary and lower secondary education (levels 0-2)","Total","From 18 to 64 years","18,315",""
"2015","Austria","Median equivalised net income","Euro","Less than primary, primary and lower secondary education (levels 0-2)","Total","From 18 to 64 years","19,286",""
"2015","Poland","Median equivalised net income","Euro","Less than primary, primary and lower secondary education (levels 0-2)","Total","From 18 to 64 years","3,934",""
"2015","Portugal","Median equivalised net income","Euro","Less than primary, primary and lower secondary education (levels 0-2)","Total","From 18 to 64 years","7,375",""
"2015","Romania","Median equivalised net income","Euro","Less than primary, primary and lower secondary education (levels 0-2)","Total","From 18 to 64 years","1,728",""
"2015","Slovenia","Median equivalised net income","Euro","Less than primary, primary and lower secondary education (levels 0-2)","Total","From 18 to 64 years","9,983",""
"2015","Slovakia","Median equivalised net income","Euro","Less than primary, primary and lower secondary education (levels 0-2)","Total","From 18 to 64 years","5,522",""
"2015","Finland","Median equivalised net income","Euro","Less than primary, primary and lower secondary education (levels 0-2)","Total","From 18 to 64 years","21,525",""
"2015","Sweden","Median equivalised net income","Euro","Less than primary, primary and lower secondary education (levels 0-2)","Total","From 18 to 64 years","22,787",""
"2015","United Kingdom","Median equivalised net income","Euro","Less than primary, primary and lower secondary education (levels 0-2)","Total","From 18 to 64 years","18,178",""
"2015","Iceland","Median equivalised net income","Euro","Less than primary, primary and lower secondary education (levels 0-2)","Total","From 18 to 64 years","24,042",""
"2015","Norway","Median equivalised net income","Euro","Less than primary, primary and lower secondary education (levels 0-2)","Total","From 18 to 64 years","35,667",""
"2015","Switzerland","Median equivalised net income","Euro","Less than primary, primary and lower secondary education (levels 0-2)","Total","From 18 to 64 years","32,897",""
"2015","North Macedonia","Median equivalised net income","Euro","Less than primary, primary and lower secondary education (levels 0-2)","Total","From 18 to 64 years","1,605",""
"2015","Serbia","Median equivalised net income","Euro","Less than primary, primary and lower secondary education (levels 0-2)","Total","From 18 to 64 years","1,464",""
"2015","Turkey","Median equivalised net income","Euro","Less than primary, primary and lower secondary education (levels 0-2)","Total","From 18 to 64 years","3,115",""
"2016","European Union (EU6-1958, EU9-1973, EU10-1981, EU12-1986, EU15-1995, EU25-2004, EU27-2007, EU28-2013)","Median equivalised net income","Euro","Less than primary, primary and lower secondary education (levels 0-2)","Total","From 18 to 64 years","12,972","e"
"2016","European Union - 28 countries","Median equivalised net income","Euro","Less than primary, primary and lower secondary education (levels 0-2)","Total","From 18 to 64 years","12,972",""
"2016","European Union - 27 countries (2007-2013)","Median equivalised net income","Euro","Less than primary, primary and lower secondary education (levels 0-2)","Total","From 18 to 64 years","13,026",""
"2016","Euro area (EA11-2000, EA12-2006, EA13-2007, EA15-2008, EA16-2010, EA17-2013, EA18-2014, EA19)","Median equivalised net income","Euro","Less than primary, primary and lower secondary education (levels 0-2)","Total","From 18 to 64 years","13,520","e"
"2016","Euro area (19 countries)","Median equivalised net income","Euro","Less than primary, primary and lower secondary education (levels 0-2)","Total","From 18 to 64 years","13,520",""
"2016","Euro area (18 countries)","Median equivalised net income","Euro","Less than primary, primary and lower secondary education (levels 0-2)","Total","From 18 to 64 years","13,551",""
"2016","Belgium","Median equivalised net income","Euro","Less than primary, primary and lower secondary education (levels 0-2)","Total","From 18 to 64 years","17,195",""
"2016","Bulgaria","Median equivalised net income","Euro","Less than primary, primary and lower secondary education (levels 0-2)","Total","From 18 to 64 years","1,756","b"
"2016","Czechia","Median equivalised net income","Euro","Less than primary, primary and lower secondary education (levels 0-2)","Total","From 18 to 64 years","6,164",""
"2016","Denmark","Median equivalised net income","Euro","Less than primary, primary and lower secondary education (levels 0-2)","Total","From 18 to 64 years","26,961",""
"2016","Germany (until 1990 former territory of the FRG)","Median equivalised net income","Euro","Less than primary, primary and lower secondary education (levels 0-2)","Total","From 18 to 64 years","15,904",""
"2016","Estonia","Median equivalised net income","Euro","Less than primary, primary and lower secondary education (levels 0-2)","Total","From 18 to 64 years","7,150",""
"2016","Ireland","Median equivalised net income","Euro","Less than primary, primary and lower secondary education (levels 0-2)","Total","From 18 to 64 years","17,572",""
"2016","Greece","Median equivalised net income","Euro","Less than primary, primary and lower secondary education (levels 0-2)","Total","From 18 to 64 years","5,800",""
"2016","Spain","Median equivalised net income","Euro","Less than primary, primary and lower secondary education (levels 0-2)","Total","From 18 to 64 years","10,509",""
"2016","France","Median equivalised net income","Euro","Less than primary, primary and lower secondary education (levels 0-2)","Total","From 18 to 64 years","18,272",""
"2016","Croatia","Median equivalised net income","Euro","Less than primary, primary and lower secondary education (levels 0-2)","Total","From 18 to 64 years","4,387",""
"2016","Italy","Median equivalised net income","Euro","Less than primary, primary and lower secondary education (levels 0-2)","Total","From 18 to 64 years","12,957",""
"2016","Cyprus","Median equivalised net income","Euro","Less than primary, primary and lower secondary education (levels 0-2)","Total","From 18 to 64 years","10,755",""
"2016","Latvia","Median equivalised net income","Euro","Less than primary, primary and lower secondary education (levels 0-2)","Total","From 18 to 64 years","4,722",""
"2016","Lithuania","Median equivalised net income","Euro","Less than primary, primary and lower secondary education (levels 0-2)","Total","From 18 to 64 years","3,817",""
"2016","Luxembourg","Median equivalised net income","Euro","Less than primary, primary and lower secondary education (levels 0-2)","Total","From 18 to 64 years","26,678","b"
"2016","Hungary","Median equivalised net income","Euro","Less than primary, primary and lower secondary education (levels 0-2)","Total","From 18 to 64 years","3,415",""
"2016","Malta","Median equivalised net income","Euro","Less than primary, primary and lower secondary education (levels 0-2)","Total","From 18 to 64 years","12,137",""
"2016","Netherlands","Median equivalised net income","Euro","Less than primary, primary and lower secondary education (levels 0-2)","Total","From 18 to 64 years","19,604","b"
"2016","Austria","Median equivalised net income","Euro","Less than primary, primary and lower secondary education (levels 0-2)","Total","From 18 to 64 years","19,617",""
"2016","Poland","Median equivalised net income","Euro","Less than primary, primary and lower secondary education (levels 0-2)","Total","From 18 to 64 years","4,277",""
"2016","Portugal","Median equivalised net income","Euro","Less than primary, primary and lower secondary education (levels 0-2)","Total","From 18 to 64 years","7,630",""
"2016","Romania","Median equivalised net income","Euro","Less than primary, primary and lower secondary education (levels 0-2)","Total","From 18 to 64 years","1,814",""
"2016","Slovenia","Median equivalised net income","Euro","Less than primary, primary and lower secondary education (levels 0-2)","Total","From 18 to 64 years","10,038",""
"2016","Slovakia","Median equivalised net income","Euro","Less than primary, primary and lower secondary education (levels 0-2)","Total","From 18 to 64 years","5,426",""
"2016","Finland","Median equivalised net income","Euro","Less than primary, primary and lower secondary education (levels 0-2)","Total","From 18 to 64 years","21,337",""
"2016","Sweden","Median equivalised net income","Euro","Less than primary, primary and lower secondary education (levels 0-2)","Total","From 18 to 64 years","21,661",""
"2016","United Kingdom","Median equivalised net income","Euro","Less than primary, primary and lower secondary education (levels 0-2)","Total","From 18 to 64 years","18,447",""
"2016","Iceland","Median equivalised net income","Euro","Less than primary, primary and lower secondary education (levels 0-2)","Total","From 18 to 64 years","28,262",""
"2016","Norway","Median equivalised net income","Euro","Less than primary, primary and lower secondary education (levels 0-2)","Total","From 18 to 64 years","35,135",""
"2016","Switzerland","Median equivalised net income","Euro","Less than primary, primary and lower secondary education (levels 0-2)","Total","From 18 to 64 years","35,719",""
"2016","North Macedonia","Median equivalised net income","Euro","Less than primary, primary and lower secondary education (levels 0-2)","Total","From 18 to 64 years","1,638",""
"2016","Serbia","Median equivalised net income","Euro","Less than primary, primary and lower secondary education (levels 0-2)","Total","From 18 to 64 years","1,565",""
"2016","Turkey","Median equivalised net income","Euro","Less than primary, primary and lower secondary education (levels 0-2)","Total","From 18 to 64 years","3,408",""
"2017","European Union (EU6-1958, EU9-1973, EU10-1981, EU12-1986, EU15-1995, EU25-2004, EU27-2007, EU28-2013)","Median equivalised net income","Euro","Less than primary, primary and lower secondary education (levels 0-2)","Total","From 18 to 64 years","13,059","e"
"2017","European Union - 28 countries","Median equivalised net income","Euro","Less than primary, primary and lower secondary education (levels 0-2)","Total","From 18 to 64 years","13,059",""
"2017","European Union - 27 countries (2007-2013)","Median equivalised net income","Euro","Less than primary, primary and lower secondary education (levels 0-2)","Total","From 18 to 64 years","13,118",""
"2017","Euro area (EA11-2000, EA12-2006, EA13-2007, EA15-2008, EA16-2010, EA17-2013, EA18-2014, EA19)","Median equivalised net income","Euro","Less than primary, primary and lower secondary education (levels 0-2)","Total","From 18 to 64 years","14,146","e"
"2017","Euro area (19 countries)","Median equivalised net income","Euro","Less than primary, primary and lower secondary education (levels 0-2)","Total","From 18 to 64 years","14,146",""
"2017","Euro area (18 countries)","Median equivalised net income","Euro","Less than primary, primary and lower secondary education (levels 0-2)","Total","From 18 to 64 years","14,175",""
"2017","Belgium","Median equivalised net income","Euro","Less than primary, primary and lower secondary education (levels 0-2)","Total","From 18 to 64 years","17,502",""
"2017","Bulgaria","Median equivalised net income","Euro","Less than primary, primary and lower secondary education (levels 0-2)","Total","From 18 to 64 years","1,971",""
"2017","Czechia","Median equivalised net income","Euro","Less than primary, primary and lower secondary education (levels 0-2)","Total","From 18 to 64 years","6,790",""
"2017","Denmark","Median equivalised net income","Euro","Less than primary, primary and lower secondary education (levels 0-2)","Total","From 18 to 64 years","26,580",""
"2017","Germany (until 1990 former territory of the FRG)","Median equivalised net income","Euro","Less than primary, primary and lower secondary education (levels 0-2)","Total","From 18 to 64 years","16,296",""
"2017","Estonia","Median equivalised net income","Euro","Less than primary, primary and lower secondary education (levels 0-2)","Total","From 18 to 64 years","7,828",""
"2017","Ireland","Median equivalised net income","Euro","Less than primary, primary and lower secondary education (levels 0-2)","Total","From 18 to 64 years","18,465",""
"2017","Greece","Median equivalised net income","Euro","Less than primary, primary and lower secondary education (levels 0-2)","Total","From 18 to 64 years","6,006",""
"2017","Spain","Median equivalised net income","Euro","Less than primary, primary and lower secondary education (levels 0-2)","Total","From 18 to 64 years","11,280",""
"2017","France","Median equivalised net income","Euro","Less than primary, primary and lower secondary education (levels 0-2)","Total","From 18 to 64 years","18,727",""
"2017","Croatia","Median equivalised net income","Euro","Less than primary, primary and lower secondary education (levels 0-2)","Total","From 18 to 64 years","4,652",""
"2017","Italy","Median equivalised net income","Euro","Less than primary, primary and lower secondary education (levels 0-2)","Total","From 18 to 64 years","13,485",""
"2017","Cyprus","Median equivalised net income","Euro","Less than primary, primary and lower secondary education (levels 0-2)","Total","From 18 to 64 years","11,293",""
"2017","Latvia","Median equivalised net income","Euro","Less than primary, primary and lower secondary education (levels 0-2)","Total","From 18 to 64 years","4,936",""
"2017","Lithuania","Median equivalised net income","Euro","Less than primary, primary and lower secondary education (levels 0-2)","Total","From 18 to 64 years","4,047",""
"2017","Luxembourg","Median equivalised net income","Euro","Less than primary, primary and lower secondary education (levels 0-2)","Total","From 18 to 64 years","27,314",""
"2017","Hungary","Median equivalised net income","Euro","Less than primary, primary and lower secondary education (levels 0-2)","Total","From 18 to 64 years","3,809",""
"2017","Malta","Median equivalised net income","Euro","Less than primary, primary and lower secondary education (levels 0-2)","Total","From 18 to 64 years","13,005",""
"2017","Netherlands","Median equivalised net income","Euro","Less than primary, primary and lower secondary education (levels 0-2)","Total","From 18 to 64 years","20,560",""
"2017","Austria","Median equivalised net income","Euro","Less than primary, primary and lower secondary education (levels 0-2)","Total","From 18 to 64 years","20,892",""
"2017","Poland","Median equivalised net income","Euro","Less than primary, primary and lower secondary education (levels 0-2)","Total","From 18 to 64 years","4,536",""
"2017","Portugal","Median equivalised net income","Euro","Less than primary, primary and lower secondary education (levels 0-2)","Total","From 18 to 64 years","7,957",""
"2017","Romania","Median equivalised net income","Euro","Less than primary, primary and lower secondary education (levels 0-2)","Total","From 18 to 64 years","1,748",""
"2017","Slovenia","Median equivalised net income","Euro","Less than primary, primary and lower secondary education (levels 0-2)","Total","From 18 to 64 years","10,669",""
"2017","Slovakia","Median equivalised net income","Euro","Less than primary, primary and lower secondary education (levels 0-2)","Total","From 18 to 64 years","5,491",""
"2017","Finland","Median equivalised net income","Euro","Less than primary, primary and lower secondary education (levels 0-2)","Total","From 18 to 64 years","22,034",""
"2017","Sweden","Median equivalised net income","Euro","Less than primary, primary and lower secondary education (levels 0-2)","Total","From 18 to 64 years","21,577",""
"2017","United Kingdom","Median equivalised net income","Euro","Less than primary, primary and lower secondary education (levels 0-2)","Total","From 18 to 64 years","16,629","b"
"2017","Iceland","Median equivalised net income","Euro","Less than primary, primary and lower secondary education (levels 0-2)","Total","From 18 to 64 years",":",""
"2017","Norway","Median equivalised net income","Euro","Less than primary, primary and lower secondary education (levels 0-2)","Total","From 18 to 64 years","33,605",""
"2017","Switzerland","Median equivalised net income","Euro","Less than primary, primary and lower secondary education (levels 0-2)","Total","From 18 to 64 years","36,462",""
"2017","North Macedonia","Median equivalised net income","Euro","Less than primary, primary and lower secondary education (levels 0-2)","Total","From 18 to 64 years","1,670",""
"2017","Serbia","Median equivalised net income","Euro","Less than primary, primary and lower secondary education (levels 0-2)","Total","From 18 to 64 years","1,623",""
"2017","Turkey","Median equivalised net income","Euro","Less than primary, primary and lower secondary education (levels 0-2)","Total","From 18 to 64 years","3,544",""
"2018","European Union (EU6-1958, EU9-1973, EU10-1981, EU12-1986, EU15-1995, EU25-2004, EU27-2007, EU28-2013)","Median equivalised net income","Euro","Less than primary, primary and lower secondary education (levels 0-2)","Total","From 18 to 64 years","13,553","e"
"2018","European Union - 28 countries","Median equivalised net income","Euro","Less than primary, primary and lower secondary education (levels 0-2)","Total","From 18 to 64 years","13,553","e"
"2018","European Union - 27 countries (2007-2013)","Median equivalised net income","Euro","Less than primary, primary and lower secondary education (levels 0-2)","Total","From 18 to 64 years","13,608","e"
"2018","Euro area (EA11-2000, EA12-2006, EA13-2007, EA15-2008, EA16-2010, EA17-2013, EA18-2014, EA19)","Median equivalised net income","Euro","Less than primary, primary and lower secondary education (levels 0-2)","Total","From 18 to 64 years","14,586","e"
"2018","Euro area (19 countries)","Median equivalised net income","Euro","Less than primary, primary and lower secondary education (levels 0-2)","Total","From 18 to 64 years","14,586","e"
"2018","Euro area (18 countries)","Median equivalised net income","Euro","Less than primary, primary and lower secondary education (levels 0-2)","Total","From 18 to 64 years","14,615","e"
"2018","Belgium","Median equivalised net income","Euro","Less than primary, primary and lower secondary education (levels 0-2)","Total","From 18 to 64 years","18,014",""
"2018","Bulgaria","Median equivalised net income","Euro","Less than primary, primary and lower secondary education (levels 0-2)","Total","From 18 to 64 years","2,170",""
"2018","Czechia","Median equivalised net income","Euro","Less than primary, primary and lower secondary education (levels 0-2)","Total","From 18 to 64 years","7,590",""
"2018","Denmark","Median equivalised net income","Euro","Less than primary, primary and lower secondary education (levels 0-2)","Total","From 18 to 64 years","28,299",""
"2018","Germany (until 1990 former territory of the FRG)","Median equivalised net income","Euro","Less than primary, primary and lower secondary education (levels 0-2)","Total","From 18 to 64 years","17,285",""
"2018","Estonia","Median equivalised net income","Euro","Less than primary, primary and lower secondary education (levels 0-2)","Total","From 18 to 64 years","8,646",""
"2018","Ireland","Median equivalised net income","Euro","Less than primary, primary and lower secondary education (levels 0-2)","Total","From 18 to 64 years",":",""
"2018","Greece","Median equivalised net income","Euro","Less than primary, primary and lower secondary education (levels 0-2)","Total","From 18 to 64 years","6,158",""
"2018","Spain","Median equivalised net income","Euro","Less than primary, primary and lower secondary education (levels 0-2)","Total","From 18 to 64 years","11,601",""
"2018","France","Median equivalised net income","Euro","Less than primary, primary and lower secondary education (levels 0-2)","Total","From 18 to 64 years","19,291",""
"2018","Croatia","Median equivalised net income","Euro","Less than primary, primary and lower secondary education (levels 0-2)","Total","From 18 to 64 years","5,070",""
"2018","Italy","Median equivalised net income","Euro","Less than primary, primary and lower secondary education (levels 0-2)","Total","From 18 to 64 years","13,657",""
"2018","Cyprus","Median equivalised net income","Euro","Less than primary, primary and lower secondary education (levels 0-2)","Total","From 18 to 64 years","11,963",""
"2018","Latvia","Median equivalised net income","Euro","Less than primary, primary and lower secondary education (levels 0-2)","Total","From 18 to 64 years","5,612",""
"2018","Lithuania","Median equivalised net income","Euro","Less than primary, primary and lower secondary education (levels 0-2)","Total","From 18 to 64 years","4,828",""
"2018","Luxembourg","Median equivalised net income","Euro","Less than primary, primary and lower secondary education (levels 0-2)","Total","From 18 to 64 years","30,844",""
"2018","Hungary","Median equivalised net income","Euro","Less than primary, primary and lower secondary education (levels 0-2)","Total","From 18 to 64 years","3,878",""
"2018","Malta","Median equivalised net income","Euro","Less than primary, primary and lower secondary education (levels 0-2)","Total","From 18 to 64 years","13,324",""
"2018","Netherlands","Median equivalised net income","Euro","Less than primary, primary and lower secondary education (levels 0-2)","Total","From 18 to 64 years","21,283",""
"2018","Austria","Median equivalised net income","Euro","Less than primary, primary and lower secondary education (levels 0-2)","Total","From 18 to 64 years","21,290",""
"2018","Poland","Median equivalised net income","Euro","Less than primary, primary and lower secondary education (levels 0-2)","Total","From 18 to 64 years","5,037",""
"2018","Portugal","Median equivalised net income","Euro","Less than primary, primary and lower secondary education (levels 0-2)","Total","From 18 to 64 years","8,251",""
"2018","Romania","Median equivalised net income","Euro","Less than primary, primary and lower secondary education (levels 0-2)","Total","From 18 to 64 years","1,956",""
"2018","Slovenia","Median equivalised net income","Euro","Less than primary, primary and lower secondary education (levels 0-2)","Total","From 18 to 64 years","10,939",""
"2018","Slovakia","Median equivalised net income","Euro","Less than primary, primary and lower secondary education (levels 0-2)","Total","From 18 to 64 years",":",""
"2018","Finland","Median equivalised net income","Euro","Less than primary, primary and lower secondary education (levels 0-2)","Total","From 18 to 64 years","21,763",""
"2018","Sweden","Median equivalised net income","Euro","Less than primary, primary and lower secondary education (levels 0-2)","Total","From 18 to 64 years","21,642",""
"2018","United Kingdom","Median equivalised net income","Euro","Less than primary, primary and lower secondary education (levels 0-2)","Total","From 18 to 64 years",":",""
"2018","Iceland","Median equivalised net income","Euro","Less than primary, primary and lower secondary education (levels 0-2)","Total","From 18 to 64 years",":",""
"2018","Norway","Median equivalised net income","Euro","Less than primary, primary and lower secondary education (levels 0-2)","Total","From 18 to 64 years","33,821",""
"2018","Switzerland","Median equivalised net income","Euro","Less than primary, primary and lower secondary education (levels 0-2)","Total","From 18 to 64 years","35,447",""
"2018","North Macedonia","Median equivalised net income","Euro","Less than primary, primary and lower secondary education (levels 0-2)","Total","From 18 to 64 years",":",""
"2018","Serbia","Median equivalised net income","Euro","Less than primary, primary and lower secondary education (levels 0-2)","Total","From 18 to 64 years",":",""
"2018","Turkey","Median equivalised net income","Euro","Less than primary, primary and lower secondary education (levels 0-2)","Total","From 18 to 64 years",":",""
